086-8621107,ธกส.ได้รับคำร้องสินไหมของท่านแล้ว หากดำเนินการเสร็จ จะแจ้งให้ทราบต่อไป,2016-04-06 10:00:00,baaclife,3,5311100008428,อ่อนศรี อาปามะเก
0628901702,ธกส.ได้รับคำร้องสินไหมของท่านแล้ว หากดำเนินการเสร็จ จะแจ้งให้ทราบต่อไป,2016-04-06 10:00:00,baaclife,3,1470900045056,นัชชา พิศนอก
0916386131,ธกส.ได้รับคำร้องสินไหมของท่านแล้ว หากดำเนินการเสร็จ จะแจ้งให้ทราบต่อไป,2016-04-06 10:00:00,baaclife,3,3940900226800,มุฮัมมัด แซมา
0846689753,ธกส.ได้รับคำร้องสินไหมของท่านแล้ว หากดำเนินการเสร็จ จะแจ้งให้ทราบต่อไป,2016-04-06 10:00:00,baaclife,3,3600900596791,สัน ทนทาน
0860585200,ธกส.ได้รับคำร้องสินไหมของท่านแล้ว หากดำเนินการเสร็จ จะแจ้งให้ทราบต่อไป,2016-04-06 10:00:00,baaclife,3,3251100143745,สุพรรณ โสดาจันทร์
0890263095,ธกส.ได้รับคำร้องสินไหมของท่านแล้ว หากดำเนินการเสร็จ จะแจ้งให้ทราบต่อไป,2016-04-06 10:00:00,baaclife,3,3920100580994,สมปอง พลวัฒน์
0835785021,ธกส.ได้รับคำร้องสินไหมของท่านแล้ว หากดำเนินการเสร็จ จะแจ้งให้ทราบต่อไป,2016-04-06 10:00:00,baaclife,3,3500600334783,จรัญ ตาเขียว
073999999,ธกส.ได้รับคำร้องสินไหมของท่านแล้ว หากดำเนินการเสร็จ จะแจ้งให้ทราบต่อไป,2016-04-06 10:00:00,baaclife,3,3961100412421,อาบูอาแซ มะนอ
0857425198,ธกส.ได้รับคำร้องสินไหมของท่านแล้ว หากดำเนินการเสร็จ จะแจ้งให้ทราบต่อไป,2016-04-06 10:00:00,baaclife,3,3470200102258,ทองคำ มุงวงษา
0896410467,ธกส.ได้รับคำร้องสินไหมของท่านแล้ว หากดำเนินการเสร็จ จะแจ้งให้ทราบต่อไป,2016-04-06 10:00:00,baaclife,3,3640400132825,จันทร์ แจ่มอยู่
0993716454,ธกส.ได้รับคำร้องสินไหมของท่านแล้ว หากดำเนินการเสร็จ จะแจ้งให้ทราบต่อไป,2016-04-06 10:00:00,baaclife,3,3540400272041,ณรงค์ กาศสนุก
0833241674,ธกส.ได้รับคำร้องสินไหมของท่านแล้ว หากดำเนินการเสร็จ จะแจ้งให้ทราบต่อไป,2016-04-06 10:00:00,baaclife,3,3560400151987,รบ ไชยลังกา
0866027518,ธกส.ได้รับคำร้องสินไหมของท่านแล้ว หากดำเนินการเสร็จ จะแจ้งให้ทราบต่อไป,2016-04-06 10:00:00,baaclife,3,3321000062785,สนั่น คงศรี
