40170,ธกส.พิจารณาสินไหมของท่านแล้ว โปรดติดต่อ ธกส.สาขาเมื่อได้รับหนังสือแจ้ง,2016-04-06 10:00:00,baaclife,3,3440500234541,ชาย กันคำแหง
0878219626,ธกส.พิจารณาสินไหมของท่านแล้ว โปรดติดต่อ ธกส.สาขาเมื่อได้รับหนังสือแจ้ง,2016-04-06 10:00:00,baaclife,3,3330700524551,พุฒ นรดี
0872174776,ธกส.พิจารณาสินไหมของท่านแล้ว โปรดติดต่อ ธกส.สาขาเมื่อได้รับหนังสือแจ้ง,2016-04-06 10:00:00,baaclife,3,3460100045856,สันทัด ปรีแผ้ว
0916190064,ธกส.พิจารณาสินไหมของท่านแล้ว โปรดติดต่อ ธกส.สาขาเมื่อได้รับหนังสือแจ้ง,2016-04-06 10:00:00,baaclife,3,3650800689576,ประเทือง สร้อยคำ
0927854352,ธกส.พิจารณาสินไหมของท่านแล้ว โปรดติดต่อ ธกส.สาขาเมื่อได้รับหนังสือแจ้ง,2016-04-06 10:00:00,baaclife,3,3331200043831,คำเสียน ทองขาว
0806764340,ธกส.พิจารณาสินไหมของท่านแล้ว โปรดติดต่อ ธกส.สาขาเมื่อได้รับหนังสือแจ้ง,2016-04-06 10:00:00,baaclife,3,3510300291264,ยงยุทธ ทนุชิต
0883928774,ธกส.พิจารณาสินไหมของท่านแล้ว โปรดติดต่อ ธกส.สาขาเมื่อได้รับหนังสือแจ้ง,2016-04-06 10:00:00,baaclife,3,3940100189705,แวอุเซ็ง การี
0877745882,ธกส.พิจารณาสินไหมของท่านแล้ว โปรดติดต่อ ธกส.สาขาเมื่อได้รับหนังสือแจ้ง,2016-04-06 10:00:00,baaclife,3,3451000312535,วันทอง สุทธิประภา
0849606851,ธกส.พิจารณาสินไหมของท่านแล้ว โปรดติดต่อ ธกส.สาขาเมื่อได้รับหนังสือแจ้ง,2016-04-06 10:00:00,baaclife,3,3360500639797,กรม หาญกุดตุ้ม
0808506263,ธกส.พิจารณาสินไหมของท่านแล้ว โปรดติดต่อ ธกส.สาขาเมื่อได้รับหนังสือแจ้ง,2016-04-06 10:00:00,baaclife,3,5530500051701,ฉลอม ข้องแก้ว
0877923362,ธกส.พิจารณาสินไหมของท่านแล้ว โปรดติดต่อ ธกส.สาขาเมื่อได้รับหนังสือแจ้ง,2016-04-06 10:00:00,baaclife,3,3640600085316,จันทร์ จันทร์เดช
0875276191,ธกส.พิจารณาสินไหมของท่านแล้ว โปรดติดต่อ ธกส.สาขาเมื่อได้รับหนังสือแจ้ง,2016-04-06 10:00:00,baaclife,3,3650500022436,ไพศาล รักงาม
095-0987335,ธกส.พิจารณาสินไหมของท่านแล้ว โปรดติดต่อ ธกส.สาขาเมื่อได้รับหนังสือแจ้ง,2016-04-06 10:00:00,baaclife,3,3930800090141,บุญให้ คงพริก
0895627935,ธกส.พิจารณาสินไหมของท่านแล้ว โปรดติดต่อ ธกส.สาขาเมื่อได้รับหนังสือแจ้ง,2016-04-06 10:00:00,baaclife,3,3610100169537,สำรวย ศรชัย
0933066939,ธกส.พิจารณาสินไหมของท่านแล้ว โปรดติดต่อ ธกส.สาขาเมื่อได้รับหนังสือแจ้ง,2016-04-06 10:00:00,baaclife,3,3570500499934,อิ่นแก้ว เชื้อเมืองพาน
082-2915429,ธกส.พิจารณาสินไหมของท่านแล้ว โปรดติดต่อ ธกส.สาขาเมื่อได้รับหนังสือแจ้ง,2016-04-06 10:00:00,baaclife,3,3700700661814,บุญสม สุขช่วง
098-2951684,ธกส.พิจารณาสินไหมของท่านแล้ว โปรดติดต่อ ธกส.สาขาเมื่อได้รับหนังสือแจ้ง,2016-04-06 10:00:00,baaclife,3,5411590000487,ปรีชา ทองบัว
0979877518,ธกส.พิจารณาสินไหมของท่านแล้ว โปรดติดต่อ ธกส.สาขาเมื่อได้รับหนังสือแจ้ง,2016-04-06 10:00:00,baaclife,3,8571073021476,อาตี มาเยอะ
0936381246,ธกส.พิจารณาสินไหมของท่านแล้ว โปรดติดต่อ ธกส.สาขาเมื่อได้รับหนังสือแจ้ง,2016-04-06 10:00:00,baaclife,3,3120101846910,ชุมพล ลีนานนท์
0925079599,ธกส.พิจารณาสินไหมของท่านแล้ว โปรดติดต่อ ธกส.สาขาเมื่อได้รับหนังสือแจ้ง,2016-04-06 10:00:00,baaclife,3,3250300010306,บุญมี เกินสอน
0890013356,ธกส.พิจารณาสินไหมของท่านแล้ว โปรดติดต่อ ธกส.สาขาเมื่อได้รับหนังสือแจ้ง,2016-04-06 10:00:00,baaclife,3,3540200091239,ทองหลิม ไชยมงคล
