0988910067,ธกส.พิจารณาสินไหมของท่านแล้ว โปรดติดต่อ ธกส.สาขาเมื่อได้รับหนังสือแจ้ง,2016-04-06 10:00:00,baaclife,3,3460100024514,คำพัน เสียงทองคา
0890982869,ธกส.พิจารณาสินไหมของท่านแล้ว โปรดติดต่อ ธกส.สาขาเมื่อได้รับหนังสือแจ้ง,2016-04-06 10:00:00,baaclife,3,3521300001763,สมพงษ์ ประจักษ์
084-8144314,ธกส.พิจารณาสินไหมของท่านแล้ว โปรดติดต่อ ธกส.สาขาเมื่อได้รับหนังสือแจ้ง,2016-04-06 10:00:00,baaclife,3,3501300673851,ชาญชัย สองแก้ว
0824806027,ธกส.พิจารณาสินไหมของท่านแล้ว โปรดติดต่อ ธกส.สาขาเมื่อได้รับหนังสือแจ้ง,2016-04-06 10:00:00,baaclife,3,3570500499934,อิ่นแก้ว เชื้อเมืองพาน
0611385667,ธกส.พิจารณาสินไหมของท่านแล้ว โปรดติดต่อ ธกส.สาขาเมื่อได้รับหนังสือแจ้ง,2016-04-06 10:00:00,baaclife,3,3450600156991,สมจิตร เมืองสีสุข
0823842079,ธกส.พิจารณาสินไหมของท่านแล้ว โปรดติดต่อ ธกส.สาขาเมื่อได้รับหนังสือแจ้ง,2016-04-06 10:00:00,baaclife,3,3521000299228,แก้วมูล แก้วธิวงศ์
